name,logK_exp,boltz_affinity,binder_prob,logKpw_pred
n-hexane,3.09,2.013692855834961,0.11712825298309326,2.163727203640635
n-heptane,3.59,1.9331938028335571,0.28476524353027344,2.244226256642039
n-octane,4.01,2.007181406021118,0.07295766472816467,2.170238653454478
n-nonane,4.45,1.9517836570739746,0.06892840564250946,2.2256364024016215
cyclohexane,2.01,2.1873772144317627,0.07905765622854233,1.9900428450438334
cycloheptane,2.52,2.3820133209228516,0.057514939457178116,1.7954067385527446
cyclooctane,2.98,2.4078738689422607,0.04575386643409729,1.7695461905333354
1-nonene,4.22,1.964061975479126,0.07259328663349152,2.21335808399647
1-heptyne,2.49,2.30576753616333,0.10392570495605469,1.871652523312266
1-chlorooctane,3.85,2.030970573425293,0.06673987209796906,2.146449486050303
tetrachloromethane,1.77,1.246460199356079,0.08248023688793182,2.930959860119517
trichloroethene,1.88,0.5037317276000977,0.1127208024263382,3.6736883318754985
tetrachloroethene,2.4,0.9424313306808472,0.11906681209802628,3.234988728794749
tribromomethane,1.95,0.1702546924352646,0.44781017303466797,4.007165367040332
γ-hexachlorocyclohexane,2.46,1.3622074127197266,0.4208643138408661,2.8152126467558696
isoflurane,1.58,1.812666416168213,0.048592060804367065,2.3647536433073832
enflurane,1.59,1.3740102052688599,0.06713460385799408,2.8034098542067363
halothane,1.62,1.5956125259399414,0.1522950530052185,2.5818075335356547
methoxyflurane,1.77,0.9505128860473633,0.08864624798297882,3.226907173428233
di-n-butyl ether,2.01,1.841679334640503,0.1296798586845398,2.335740724835093
di-n-pentyl ether,3.0,1.1660151481628418,0.19648295640945435,3.0114049113127543
2-octanone,2.09,1.4129233360290527,0.174830362200737,2.7644967234465434
2-nonanone,2.48,1.733354091644287,0.11093233525753021,2.444065967831309
2-decanone,2.88,2.2366373538970947,0.2332504689693451,1.9407827055785014
1-nitrooctane,3.38,0.8878958225250244,0.27039778232574463,3.2895242369505717
tri-n-butyl phosphate,2.47,1.0782521963119507,0.19692176580429077,3.0991678631636455
benzene,1.58,3.0916178226470947,0.05887184292078018,1.0858022368285014
toluene,2.26,2.8516898155212402,0.07820556312799454,1.325730243954356
ethylbenzene,2.7,2.5545055866241455,0.10934329777956009,1.6229144728514506
n-propylbenzene,2.95,2.8518099784851074,0.08942107111215591,1.3256100809904887
styrene,2.76,1.6566306352615356,0.2529585361480713,2.5207894242140605
chlorobenzene,2.32,2.6089260578155518,0.06474726647138596,1.5684940016600444
"1,2-dichlorobenzene",3.03,2.2523837089538574,0.09808477759361267,1.9250363505217387
"1,2,4-trimethylbenzene",3.35,2.444484233856201,0.11156106740236282,1.732935825619395
"1,4-dibromobenzene",3.97,1.3073872327804565,0.1845882683992386,2.8700328266951396
"1,2,4-trichlorobenzene",3.6,2.2106003761291504,0.22642455995082855,1.9668196833464457
"1,2,3,4-tetrachlorobenzene",4.21,1.859026312828064,0.326546847820282,2.318393746647532
hexafluorobenzene,1.55,2.2437334060668945,0.10737504810094833,1.9336866534087016
methylpentafluorobenzene,2.32,2.2411372661590576,0.17973345518112183,1.9362827933165385
indene,2.92,2.016822576522827,0.23620480298995972,2.160597482952769
naphthalene,3.56,2.7402968406677246,0.1390119343996048,1.4371232188078715
dibenzofuran,3.79,1.133905291557312,0.33146536350250244,3.043514767918284
dibenzothiophene,4.16,1.1152892112731934,0.4349338710308075,3.0621308482024028
phenanthrene,4.15,1.2419039011001587,0.45564842224121094,2.9355161583754374
fluoranthene,4.28,0.8712559938430786,0.5014073252677917,3.3061640656325175
pyrene,4.76,0.5348551273345947,0.5976302623748779,3.6425649321410014
chrysene,4.46,0.9865674376487732,0.5795756578445435,3.190852621826823
benzo[b]fluoranthene,4.42,0.8332418203353882,0.6735255718231201,3.344178239140208
benzo[ghi]perylene,4.76,0.525998055934906,0.5807821154594421,3.65142200354069
anisole,2.16,2.1431386470794678,0.08199956268072128,2.0342814123961284
valerophenone,2.7,1.374281644821167,0.29901862144470215,2.803138414654429
benzophenone,2.62,1.351210117340088,0.39805909991264343,2.8262099421355082
di-n-propyl phthalate,2.84,1.214674472808838,0.3676556944847107,2.9627455866667582
2-nitrotoluene,2.12,1.6643285751342773,0.2095961570739746,2.513091484341319
"2,4-dinitrotoluene",1.73,1.1619834899902344,0.4329422116279602,3.0154365694853618
1-nitronaphthalene,3.17,1.6707743406295776,0.22778411209583282,2.5066457188460185
4-nitroanisole,2.48,1.95145583152771,0.215207040309906,2.225964227947886
"N,N-diethylaniline",2.27,1.9017068147659302,0.11561015248298645,2.275713244709666
1-hexanol,1.64,2.048280715942383,0.12470252811908722,2.1291393435332133
1-heptanol,2.18,1.7813851833343506,0.07985028624534607,2.3960348761412456
1-octanol,2.74,1.8490231037139893,0.13014930486679077,2.328396955761607
1-nonanol,3.1,1.262988567352295,0.14132162928581238,2.914431492123301
4-ethyl-3-hexanol,1.48,0.8885531425476074,0.1434248387813568,3.2888669169279887
4-chlorobenzyl alcohol,2.1,2.1627492904663086,0.1438453048467636,2.0146707690092875
4-n-propylphenol,2.59,1.3630101680755615,0.3762294054031372,2.8144098914000346
2-phenylphenol,2.62,1.2850618362426758,0.5453864932060242,2.8923582232329204
4-fluorophenol,1.57,1.169316053390503,0.29361841082572937,3.008104006085093
3-chlorophenol,2.35,1.2874277830123901,0.21964848041534424,2.889992276463206
4-chlorophenol,2.43,1.5914199352264404,0.23038411140441895,2.5860001242491557
4-bromophenol,2.81,1.3042532205581665,0.25820446014404297,2.8731668389174296
4-iodophenol,3.41,0.9811195135116577,0.4061538875102997,3.1963005459639384
bisphenol A,2.88,0.5847285389900208,0.7509046196937561,3.5926915204855754
4-nitroaniline,1.69,1.7210040092468262,0.4412778913974762,2.45641605022877
2-chloroaniline,1.95,2.8301186561584473,0.16276653110980988,1.3473014033171489
4-iodoaniline,2.95,1.8222254514694214,0.2677433490753174,2.3551946080061748
4-aminobiphenyl,2.55,1.6784427165985107,0.3927692770957947,2.4989773428770854
indole,2.25,0.9058425426483154,0.5180372595787048,3.2715775168272807
carbazole,3.52,1.3717706203460693,0.4949720501899719,2.805649439129527
metolachlor,1.74,0.7950069904327393,0.4121752083301544,3.382413069042857
atrazine,1.77,1.6543594598770142,0.18244750797748566,2.523060599598582
diazepam,2.68,0.7995625138282776,0.3175794184207916,3.3778575456473185
estrone,2.69,0.5147090554237366,0.4741823673248291,3.6627110040518596
endosulfan α,3.24,0.8705133199691772,0.4775017499923706,3.306906739506419
